<?xml version="1.0" encoding="UTF-8"?>
<project-private xmlns="http://www.netbeans.org/ns/project-private/1">
    <editor-bookmarks xmlns="http://www.netbeans.org/ns/editor-bookmarks/2" lastBookmarkId="0"/>
    <open-files xmlns="http://www.netbeans.org/ns/projectui-open-files/2">
        <group>
            <file>file:/C:/Users/priya/Downloads/HelloWebEE6/HelloWebEE6/src/java/org/mypackage/hello/PartsParser.java</file>
            <file>file:/C:/Users/priya/Downloads/HelloWebEE6/HelloWebEE6/src/java/org/mypackage/hello/RentalCarDetailsParser.java</file>
            <file>file:/C:/Users/priya/Downloads/HelloWebEE6/HelloWebEE6/src/java/org/mypackage/hello/OrderDetails.java</file>
            <file>file:/C:/Users/priya/Downloads/HelloWebEE6/HelloWebEE6/src/java/org/mypackage/hello/CustomerDetails.java</file>
            <file>file:/C:/Users/priya/Downloads/HelloWebEE6/HelloWebEE6/src/java/org/mypackage/hello/OrderDetailsParser.java</file>
            <file>file:/C:/Users/priya/Downloads/HelloWebEE6/HelloWebEE6/src/java/org/mypackage/hello/TransactionDetails.java</file>
            <file>file:/C:/Users/priya/Downloads/HelloWebEE6/HelloWebEE6/src/java/org/mypackage/hello/DealersCarDetailsParser.java</file>
            <file>file:/C:/Users/priya/Downloads/HelloWebEE6/HelloWebEE6/src/java/org/mypackage/hello/CustomerParser.java</file>
            <file>file:/C:/Users/priya/Downloads/HelloWebEE6/HelloWebEE6/src/java/org/mypackage/hello/TransactionParser.java</file>
        </group>
    </open-files>
</project-private>
